,classid,date_rcd,price,ie,discount,s,p
0,27206656,1,24.25637285,4469,0.911345847,111,27
1,27206656,2,28.22418744,7195,0.92706042,143,193
2,27206656,3,32.74683795,8748,0.935022254,157,124
3,27206656,4,37.81959745,15558,0.951921841,138,155
4,27206656,5,39.63807021,15266,0.973278207,184,224
5,27206656,6,40.69055625,18770,0.897831133,370,316
6,27206656,7,44.59964254,17957,0.908047291,481,470
7,27206656,8,43.44696896,16192,0.961038945,320,398
8,27206656,9,42.81413241,15064,0.926500538,208,256
9,27206656,10,44.20581978,13997,0.927351003,230,294
10,27206656,11,48.1466243,13043,0.971244943,175,208
11,27206656,12,41.32210335,12428,0.964110031,140,75
12,27206656,13,41.9609231,13157,0.956767229,222,252
13,27206656,14,49.70088798,13823,0.921289814,198,205
14,27206656,15,47.61799299,13690,0.94554512,180,93
15,27206656,16,41.38698718,13342,0.929362615,213,135
16,27206656,17,42.33136761,12840,0.865536598,182,152
17,27206656,18,45.98491357,12493,0.831577299,241,200
18,27206656,19,44.59927056,14007,0.877459893,274,231
19,27206656,20,46.07528501,13652,0.879416509,305,323
20,27206656,21,38.58034256,13696,0.86590027,200,223
21,27206656,22,38.86384864,12997,0.883880077,220,248
22,27206656,23,45.6749266,12921,0.904534675,177,194
23,27206656,24,44.10002628,13488,0.893368845,192,165
24,27206656,25,51.72761721,13120,0.91997044,195,209
25,27206656,26,51.15996972,12644,0.924784796,155,243
26,27206656,27,37.88269695,12585,0.909676444,165,126
27,27206656,28,44.02669828,12955,0.944683051,168,151
28,27206656,29,45.07886838,13150,0.909256902,225,258
29,27206656,30,47.024318,16147,0.919062273,283,190
30,27206656,31,53.7814245,17920,0.923482644,335,326
31,27206656,32,50.11532098,18677,0.920707666,323,364
32,27206656,33,58.67771432,17874,0.971941994,447,410
33,27206656,34,44.42078368,16451,0.889718189,253,265
34,27206656,35,42.90530809,11423,0.912463503,249,210
35,27206656,36,47.45617046,0,0.901702779,184,211
36,27206656,37,39.75315961,0,0.917499824,165,119
37,27206656,38,35.71153012,16550,0.814063374,208,138
38,27206656,39,41.28411701,18192,0.851377053,233,248
39,27206656,40,49.87264607,18177,0.849955085,265,277
40,27206656,41,31.42248498,19355,0.914707971,124,130
41,27206656,42,32.42765836,19565,0.899586399,139,208
42,27206656,43,30.14325627,19282,0.909830441,124,48
43,27206656,44,32.47417954,18705,0.89251227,137,87
44,27206656,45,34.38461092,21434,0.875137131,155,223
45,27206656,46,30.87482572,23815,0.848687362,133,93
46,27206656,47,32.00814493,24198,0.853550531,141,94
47,27206656,48,28.83983537,24628,0.913818869,123,90
48,27206656,49,19.8134295,25049,0.899965493,90,9
49,27206656,50,30.68394734,26135,0.593042665,177,151
50,27206656,51,41.06316378,25883,0.499132016,360,366
51,27206656,52,33.32509521,24809,0.530858096,325,279
52,27206656,53,31.33490012,26492,0.739054218,272,313
53,27206656,54,42.77584418,26918,0.853115096,193,232
54,27206656,55,47.93057982,28989,0.873790903,246,233
55,27206656,56,46.65011899,28543,0.870096737,342,337
56,27206656,57,52.54122739,28424,0.859633531,404,380
57,27206656,58,61.99958202,26338,0.862400201,435,393
58,27206656,59,60.97153507,24074,0.85893112,452,513
59,27206656,60,45.46982652,22635,0.892807207,215,307
60,27206656,61,49.96984967,23264,0.903455696,218,299
61,27206656,62,55.15030905,23099,0.810282502,414,456
62,27206656,63,53.38584802,21694,0.894633573,249,288
63,27206656,64,49.48189154,21049,0.802409052,240,225
64,27206656,65,47.91717934,21772,0.841333767,214,270
65,27206656,66,56.63480828,21814,0.807963849,275,343
66,27206656,67,45.98257942,21558,0.901380365,218,172
67,27206656,68,46.33780462,21756,0.932637591,260,290
68,27206656,69,38.7658904,22526,0.936710495,213,308
69,27206656,70,57.06416584,24313,0.834260442,404,477
70,27206656,71,63.41083331,23183,0.705978184,354,305
71,27206656,72,55.58630437,25375,0.8470294,282,198
72,27206656,73,54.34157116,24646,0.794391558,302,281
73,27206656,74,49.81632845,23543,0.737711993,268,337
74,27206656,75,54.63124113,24010,0.852817828,299,391
75,27206656,76,55.28597336,23627,0.839499732,251,195
76,27206656,77,36.26491895,24417,0.550294737,326,287
77,27206656,78,41.47825034,22918,0.625980393,319,340
78,27206656,79,51.29030234,22838,0.828180534,258,231
79,27206656,80,54.73678694,25028,0.824324036,334,383
80,27206656,81,47.06353448,25699,0.920335138,320,321
81,27206656,82,38.67379971,23561,0.80587432,287,303
82,27206656,83,52.49258803,23907,0.94926012,363,423
83,27206656,84,49.25424658,23561,0.956853445,498,528
84,27206656,85,42.41018348,22479,0.926565209,281,313
85,27206656,86,38.51353616,20611,0.725960945,292,235
86,27206656,87,37.0020074,19212,0.774399778,271,191
87,27206656,88,36.2773309,18911,0.939876582,175,152
88,27206656,89,44.77212125,19303,0.892828288,260,328
89,27206656,90,32.25143894,18558,0.973959455,142,179
90,27206656,91,29.95162817,16982,0.929316765,120,135
91,27206656,92,31.28058166,15935,0.81529664,243,221
92,27206656,93,38.19228604,15543,0.963897968,108,106
93,27206656,94,39.69645538,15820,0.935273345,121,103
94,27206656,95,36.50207553,15119,0.803416609,141,142
95,27206656,96,27.87342812,14271,0.873534645,102,99
96,27206656,97,33.83905265,14812,0.827570332,89,82
97,27206656,98,37.01848724,14924,0.810064482,98,73
98,27206656,99,27.16446804,15097,0.912331604,80,90
99,27206656,100,26.27701921,14998,0.906174488,77,88
100,27206656,101,30.19860967,14884,0.845142306,92,107
101,27206656,102,28.58161733,14880,0.812565269,87,81
102,27206656,103,30.90833731,16053,0.875908841,91,128
103,27206656,104,47.92885442,16388,0.770959564,152,162
104,27050401,1,12.36355108,83488,0.938047013,3395,3372
105,27050401,2,13.34745508,143114,0.920194926,3435,3345
106,27050401,3,13.54998223,173414,0.928938691,3335,3306
107,27050401,4,13.3730159,174513,0.93041779,3135,3163
108,27050401,5,15.25079435,180201,0.939574832,4023,4054
109,27050401,6,15.94349052,228264,0.880175979,5211,5174
110,27050401,7,16.9508013,227091,0.900828827,5762,5770
111,27050401,8,15.41989644,202380,0.963053723,3758,3846
112,27050401,9,14.54364953,193696,0.932425944,3071,3123
113,27050401,10,14.90814914,193516,0.933874995,3555,3480
114,27050401,11,14.33044681,186813,0.973263141,2972,2908
115,27050401,12,14.79753502,192720,0.973938574,3015,3061
116,27050401,13,14.2136594,191262,0.961353166,3164,3173
117,27050401,14,14.75998333,186675,0.927032809,3352,3393
118,27050401,15,14.16473462,178110,0.965596417,2846,2902
119,27050401,16,14.01404182,173595,0.94705466,3025,3088
120,27050401,17,13.34860947,175740,0.853524935,3100,3124
121,27050401,18,14.0224252,171679,0.823186238,3812,3765
122,27050401,19,15.13509246,167892,0.895635207,3756,3806
123,27050401,20,14.87663923,166225,0.779992145,3615,3644
124,27050401,21,11.51454581,182900,0.359959637,10010,10008
125,27050401,22,11.04997951,173627,0.689191924,3773,3858
126,27050401,23,11.55970332,181849,0.785653228,3318,3308
127,27050401,24,11.79619335,195939,0.8321242,3614,3698
128,27050401,25,11.04346483,195524,0.874462298,3317,3371
129,27050401,26,11.04158446,206353,0.898933632,3335,3258
130,27050401,27,12.41475978,207987,0.907185402,3444,3381
131,27050401,28,13.09666638,200550,0.804331643,3748,3742
132,27050401,29,12.42913058,196098,0.800077958,3694,3638
133,27050401,30,12.35029295,203609,0.840674371,3853,3920
134,27050401,31,12.86269132,205332,0.92057429,3683,3734
135,27050401,32,12.70950538,208624,0.847315005,3683,3630
136,27050401,33,13.63697687,211211,0.947778862,4072,4125
137,27050401,34,13.42871239,204510,0.778228095,3757,3759
138,27050401,35,12.70885408,140511,0.698694402,3819,3884
139,27050401,36,11.06452833,0,0.843703372,3106,3161
140,27050401,37,12.87564593,0,0.860548145,3189,3271
141,27050401,38,12.89433412,201537,0.824437059,3639,3594
142,27050401,39,12.80620907,244947,0.728222858,4360,4285
143,27050401,40,13.7902045,258131,0.741506834,5872,5886
144,27050401,41,12.43434251,261639,0.851369138,3503,3596
145,27050401,42,12.8243656,268909,0.858981491,3756,3699
146,27050401,43,13.64786326,260481,0.815699349,3881,3954
147,27050401,44,13.8837123,249376,0.842233852,3572,3641
148,27050401,45,15.46938316,264356,0.513325793,5397,5341
149,27050401,46,14.91639177,274370,0.747573774,4004,4028
150,27050401,47,14.67422282,296763,0.74274315,4255,4231
151,27050401,48,13.75915734,299588,0.836480423,3859,3828
152,27050401,49,13.7853738,298531,0.663779741,3958,4036
153,27050401,50,14.65406309,298231,0.569362721,4662,4591
154,27050401,51,14.8275527,291482,0.47447775,6485,6506
155,27050401,52,15.96423808,291293,0.549381862,6280,6263
156,27050401,53,16.07992224,317272,0.763512226,5311,5282
157,27050401,54,14.95642207,363246,0.88103384,4367,4465
158,27050401,55,15.92296549,388544,0.872275628,5077,5136
159,27050401,56,17.28073173,417477,0.836796441,6123,6217
160,27050401,57,18.15412062,430846,0.859872185,7120,7054
161,27050401,58,17.64557298,389402,0.843178247,5998,6043
162,27050401,59,16.92227699,353466,0.838881736,4805,4766
163,27050401,60,16.46145157,336409,0.90244096,3421,3515
164,27050401,61,17.58878533,343234,0.918272021,3363,3291
165,27050401,62,18.45708266,323975,0.850227249,4826,4803
166,27050401,63,15.25976007,301429,0.735801798,3916,3836
167,27050401,64,16.65555223,267762,0.728692218,3448,3362
168,27050401,65,15.47207092,249453,0.789916777,3348,3440
169,27050401,66,15.66636801,240547,0.799170015,3631,3617
170,27050401,67,14.96953518,234748,0.893750631,2816,2729
171,27050401,68,14.41182741,238658,0.926685716,2769,2787
172,27050401,69,14.63135231,248442,0.916655018,2661,2709
173,27050401,70,15.59907057,248641,0.766938561,4292,4327
174,27050401,71,14.15907273,242529,0.628546077,3501,3585
175,27050401,72,14.34612824,247655,0.755391312,3023,2968
176,27050401,73,14.74559286,274049,0.732257806,3765,3718
177,27050401,74,14.24600975,281584,0.896562022,3552,3488
178,27050401,75,13.5065316,277842,0.763890591,3681,3690
179,27050401,76,13.8928504,260836,0.767704641,3175,3176
180,27050401,77,12.06781909,250387,0.451629839,4596,4636
181,27050401,78,12.62130996,250052,0.542873836,4185,4158
182,27050401,79,13.87473372,249058,0.794690482,3534,3559
183,27050401,80,13.5820456,251733,0.708964141,3685,3722
184,27050401,81,13.7160335,253349,0.928656661,3344,3364
185,27050401,82,13.82685231,250494,0.801843503,3375,3450
186,27050401,83,14.27713887,245155,0.952039648,3561,3622
187,27050401,84,15.13304315,255322,0.960000014,3948,3955
188,27050401,85,13.24417409,259454,0.918426572,3353,3295
189,27050401,86,14.48781418,257374,0.63438467,4057,4035
190,27050401,87,13.21446348,255810,0.742180614,3754,3691
191,27050401,88,14.40516286,257227,0.949576676,3014,3066
192,27050401,89,13.86924813,263707,0.909044682,3908,3872
193,27050401,90,14.51618833,268530,0.73208284,4114,4182
194,27050401,91,13.52275325,274258,0.553035382,5446,5488
195,27050401,92,13.88400486,246202,0.544196324,7111,7073
196,27050401,93,13.38031761,230456,0.679024842,3550,3522
197,27050401,94,14.42533255,232301,0.663949192,4072,4143
198,27050401,95,14.77167337,218188,0.676627868,3892,3935
199,27050401,96,14.44740559,214728,0.737271311,3656,3704
200,27050401,97,14.6763399,237723,0.748162202,4270,4341
201,27050401,98,15.3894465,263158,0.644193074,4260,4202
202,27050401,99,16.1700245,278288,0.89092215,3270,3317
203,27050401,100,15.85107396,275866,0.874848627,3281,3361
204,27050401,101,15.62915692,294490,0.889588731,3356,3292
205,27050401,102,16.4262388,318182,0.769899471,3786,3830
206,27050401,103,17.11960051,314819,0.876129552,3421,3378
207,27050401,104,18.91556874,317443,0.779435089,4780,4795
208,27217089,1,15.56984148,15252,0.926670632,193,273
209,27217089,2,16.64809848,23011,0.9363523,169,260
210,27217089,3,23.37597945,28189,0.957628396,221,253
211,27217089,4,19.48764521,29827,0.96189795,177,231
212,27217089,5,24.7757171,31496,0.979769239,250,162
213,27217089,6,25.30864951,34103,0.908327797,382,461
214,27217089,7,26.65805369,34348,0.915836857,538,579
215,27217089,8,28.64845643,32083,0.965902584,418,391
216,27217089,9,27.72096513,30587,0.925976847,420,340
217,27217089,10,30.47436587,30378,0.930887481,540,569
218,27217089,11,30.74479107,28306,0.977918485,445,421
219,27217089,12,31.48593895,27567,0.973781806,430,413
220,27217089,13,30.48745319,28169,0.963707594,654,752
221,27217089,14,32.76251901,29203,0.922652061,760,819
222,27217089,15,33.44768143,33397,0.964327544,693,756
223,27217089,16,33.96499324,34362,0.953875668,728,805
224,27217089,17,31.3439841,34012,0.907765338,648,725
225,27217089,18,33.65818838,31110,0.872285883,857,941
226,27217089,19,36.94200268,29570,0.891045326,861,845
227,27217089,20,32.53084381,30595,0.887408141,815,826
228,27217089,21,34.07719814,37349,0.906592841,779,685
229,27217089,22,36.97659731,38954,0.913764328,925,1019
230,27217089,23,37.17393724,43583,0.922028897,821,903
231,27217089,24,37.50217626,48641,0.897897999,962,914
232,27217089,25,38.08910669,48608,0.924671614,1003,1090
233,27217089,26,39.58222564,48615,0.932618439,944,976
234,27217089,27,41.62823859,48694,0.924088675,907,895
235,27217089,28,44.58458428,49266,0.960953995,927,843
236,27217089,29,46.36892963,50968,0.907347434,963,863
237,27217089,30,42.11775021,57153,0.907193751,977,974
238,27217089,31,43.37168564,57241,0.934710236,932,981
239,27217089,32,43.63019983,60093,0.935808827,940,932
240,27217089,33,48.11045085,58902,0.979789925,1233,1251
241,27217089,34,44.72041165,56178,0.894814147,765,827
242,27217089,35,40.62311185,40206,0.853909561,739,816
243,27217089,36,37.13914118,0,0.923938008,645,656
244,27217089,37,39.1697705,0,0.942773562,634,673
245,27217089,38,33.60172184,65914,0.868327139,788,871
246,27217089,39,34.92135005,71778,0.879070716,808,739
247,27217089,40,38.5081081,72565,0.877002657,1034,1082
248,27217089,41,34.94687032,70376,0.935689483,487,552
249,27217089,42,28.90640668,68020,0.919222806,434,498
250,27217089,43,30.96678187,65736,0.86973521,394,454
251,27217089,44,26.71643646,64004,0.881293706,360,274
252,27217089,45,25.25493122,64114,0.852574163,354,285
253,27217089,46,26.39274941,63237,0.872502122,296,206
254,27217089,47,27.32191919,63660,0.866544444,286,253
255,27217089,48,25.17225717,63250,0.913930977,233,268
256,27217089,49,25.33957228,63761,0.91406748,211,275
257,27217089,50,24.3325042,62936,0.541237607,343,380
258,27217089,51,27.71226862,60880,0.467665895,572,645
259,27217089,52,29.32197659,59005,0.48008914,653,608
260,27217089,53,28.82243808,65117,0.766589143,331,405
261,27217089,54,30.09222701,78039,0.890823312,260,325
262,27217089,55,33.53188847,84220,0.885024168,344,285
263,27217089,56,41.90674842,89201,0.885064816,504,566
264,27217089,57,38.92832949,93898,0.87457599,526,591
265,27217089,58,45.63973674,90934,0.872133279,523,566
266,27217089,59,47.62432273,87168,0.88470652,671,653
267,27217089,60,48.48373148,84777,0.935125876,439,466
268,27217089,61,41.03908274,82325,0.918719776,440,463
269,27217089,62,51.48070335,84202,0.810584623,995,997
270,27217089,63,55.55147825,81722,0.870432261,771,795
271,27217089,64,57.09172569,77276,0.739336078,864,895
272,27217089,65,55.75096249,73804,0.844221566,782,863
273,27217089,66,59.87983772,69574,0.785594961,1058,1076
274,27217089,67,57.36111825,66823,0.880669055,765,796
275,27217089,68,60.52544171,63302,0.91886962,880,810
276,27217089,69,58.2751464,65053,0.925572513,761,800
277,27217089,70,55.56623872,67499,0.668445764,1648,1696
278,27217089,71,54.33550646,65049,0.613171292,1591,1536
279,27217089,72,53.23651499,67104,0.658240345,1248,1262
280,27217089,73,52.86231746,65566,0.644436621,1350,1318
281,27217089,74,49.89309899,72396,0.785275542,1206,1287
282,27217089,75,53.04490613,71509,0.86578992,1163,1127
283,27217089,76,52.08795982,68026,0.852379679,983,908
284,27217089,77,47.45782328,69776,0.592923938,1198,1253
285,27217089,78,43.34491547,67505,0.712538838,1066,1153
286,27217089,79,50.43148389,68163,0.694520279,1089,1091
287,27217089,80,51.67920073,74095,0.709634455,1114,1026
288,27217089,81,50.50792448,76070,0.933858834,1055,1114
289,27217089,82,47.06437426,72791,0.6888655,1100,1191
290,27217089,83,54.37483652,72217,0.915281684,1112,1053
291,27217089,84,52.6262862,71969,0.937047806,1388,1288
292,27217089,85,42.35013053,74680,0.918280426,926,863
293,27217089,86,43.4061193,77446,0.804876309,1003,1024
294,27217089,87,41.64993774,76409,0.785377337,1004,1040
295,27217089,88,37.42074088,73992,0.950003198,708,746
296,27217089,89,44.29524174,74467,0.903389799,936,1021
297,27217089,90,36.99185192,73044,0.965300989,683,596
298,27217089,91,36.35603894,71442,0.831857701,707,617
299,27217089,92,45.29860846,66224,0.765588544,1086,1128
300,27217089,93,36.33629598,62807,0.92341759,433,392
301,27217089,94,34.01275411,60742,0.933868034,464,553
302,27217089,95,31.84653983,60047,0.811449753,485,458
303,27217089,96,31.36241219,58251,0.843759249,381,361
304,27217089,97,29.64366284,59085,0.774518036,446,357
305,27217089,98,33.86709143,58892,0.797250942,391,351
306,27217089,99,26.41669467,60518,0.887640312,288,188
307,27217089,100,26.12203488,62996,0.907478851,266,235
308,27217089,101,26.45260514,65646,0.862126794,288,307
309,27217089,102,25.34561356,65876,0.664890881,356,346
310,27217089,103,23.25470825,64185,0.900240803,250,282
311,27217089,104,26.53786726,63864,0.729745373,434,502
312,27196225,1,18.32612257,10355,0.936421398,364,387
313,27196225,2,20.32474133,19249,0.929452086,414,501
314,27196225,3,22.65522855,23268,0.94582261,445,454
315,27196225,4,22.41180856,23478,0.959618203,397,339
316,27196225,5,25.20848714,23340,0.980400608,506,469
317,27196225,6,27.90516305,28340,0.913281391,730,722
318,27196225,7,31.21694993,26864,0.926725066,885,967
319,27196225,8,28.14969001,23544,0.956284299,538,608
320,27196225,9,28.43691811,23171,0.934381817,412,317
321,27196225,10,26.24473553,23518,0.933755396,508,413
322,27196225,11,26.36670584,22003,0.979709461,396,488
323,27196225,12,24.11565079,20796,0.973792123,321,303
324,27196225,13,29.01977607,21348,0.961719988,509,540
325,27196225,14,28.18398967,22510,0.921560357,621,701
326,27196225,15,26.63289975,21090,0.9633265,442,483
327,27196225,16,24.65052745,20098,0.949848126,398,411
328,27196225,17,24.96469665,19806,0.877762827,470,405
329,27196225,18,26.74598992,18529,0.860687962,524,607
330,27196225,19,25.62023893,16696,0.882129984,446,381
331,27196225,20,26.92777644,18858,0.886807398,530,573
332,27196225,21,27.12451959,23566,0.916417029,508,424
333,27196225,22,24.83518564,24664,0.91024355,638,729
334,27196225,23,26.20902593,26864,0.922213675,607,574
335,27196225,24,26.06129561,30812,0.904035957,815,727
336,27196225,25,27.37286823,32442,0.918443503,780,771
337,27196225,26,30.74188549,33669,0.924052002,796,872
338,27196225,27,25.65652651,32910,0.933037849,761,747
339,27196225,28,30.20864315,33958,0.957482107,875,799
340,27196225,29,28.26065649,35832,0.931431342,744,651
341,27196225,30,28.52273635,39852,0.922929198,909,818
342,27196225,31,29.29001628,43564,0.935341988,943,938
343,27196225,32,29.45150822,48658,0.931126791,1052,1150
344,27196225,33,33.13032962,48946,0.973976179,1159,1189
345,27196225,34,30.86679647,47569,0.927505685,930,980
346,27196225,35,30.50889835,33748,0.920333554,917,1014
347,27196225,36,28.55444589,0,0.919011905,818,918
348,27196225,37,31.9258266,0,0.938268059,883,962
349,27196225,38,30.17957595,47780,0.883081464,957,977
350,27196225,39,36.63240554,63700,0.860583773,1127,1190
351,27196225,40,38.15838645,64614,0.863035381,1604,1569
352,27196225,41,39.79644156,66795,0.932031132,910,968
353,27196225,42,37.21069708,67838,0.91282676,945,977
354,27196225,43,40.07621533,67816,0.913413519,877,827
355,27196225,44,36.08619346,67957,0.902008786,828,913
356,27196225,45,38.0977464,69530,0.806935668,844,841
357,27196225,46,35.78687839,70260,0.871116825,824,798
358,27196225,47,41.44065125,71682,0.849011883,959,899
359,27196225,48,41.43594664,73198,0.910187816,922,857
360,27196225,49,36.63827849,72722,0.843355891,808,722
361,27196225,50,36.04756357,72713,0.709433695,946,914
362,27196225,51,38.25477676,73732,0.607106335,1175,1086
363,27196225,52,41.2352924,72303,0.613246884,1184,1221
364,27196225,53,42.74666071,82636,0.847649867,1157,1140
365,27196225,54,42.48954099,92926,0.892852851,1096,1064
366,27196225,55,42.58948659,101226,0.889505374,1282,1377
367,27196225,56,47.42928588,111659,0.884715094,1618,1682
368,27196225,57,50.70055773,110405,0.873451792,1980,1986
369,27196225,58,49.94470236,98626,0.874381515,1658,1597
370,27196225,59,49.33555574,88513,0.875396645,1279,1365
371,27196225,60,41.9017292,82791,0.939806361,938,858
372,27196225,61,45.74292825,86570,0.940106681,953,923
373,27196225,62,50.10475276,84500,0.838609629,1544,1601
374,27196225,63,46.68377567,80675,0.793101958,1111,1094
375,27196225,64,42.14135008,76119,0.816799454,975,879
376,27196225,65,41.1000343,74637,0.874284082,914,998
377,27196225,66,43.92353501,73717,0.829272904,1093,1175
378,27196225,67,46.68886351,76733,0.926814159,929,965
379,27196225,68,40.38049113,79502,0.926136041,941,1029
380,27196225,69,37.44071716,80054,0.927111097,815,823
381,27196225,70,39.34666134,80916,0.826847542,1285,1326
382,27196225,71,38.74838941,79862,0.766102697,945,976
383,27196225,72,40.1668377,82631,0.833569858,863,937
384,27196225,73,43.16019066,82991,0.849846978,928,935
385,27196225,74,42.87070725,86575,0.899515836,936,922
386,27196225,75,42.5397861,87446,0.888627623,914,980
387,27196225,76,40.91137892,84568,0.880051582,793,746
388,27196225,77,38.30636992,82284,0.753216052,827,749
389,27196225,78,37.75332638,82306,0.614215896,1032,1040
390,27196225,79,47.12614578,82394,0.857815488,883,865
391,27196225,80,45.85447328,82818,0.76702871,919,832
392,27196225,81,45.4650049,84889,0.9139567,844,830
393,27196225,82,42.76012591,85151,0.804357144,898,875
394,27196225,83,47.91217523,83083,0.932553978,1052,1016
395,27196225,84,43.75906583,81155,0.969029942,989,915
396,27196225,85,46.09462785,79023,0.929396754,771,747
397,27196225,86,45.32339802,76691,0.843497045,860,833
398,27196225,87,39.34797852,75404,0.784149363,857,842
399,27196225,88,41.82011227,75222,0.947101941,646,577
400,27196225,89,44.11350108,76656,0.904692008,969,923
401,27196225,90,40.86318242,76282,0.744135324,893,894
402,27196225,91,34.78664132,76201,0.608044236,1133,1111
403,27196225,92,36.4479676,69336,0.569995563,1635,1570
404,27196225,93,37.72202278,64059,0.706544317,754,854
405,27196225,94,36.72363498,62465,0.733490911,751,749
406,27196225,95,34.59433964,57653,0.666670749,756,837
407,27196225,96,35.71370805,54072,0.785871238,644,736
408,27196225,97,35.09013904,57080,0.785395139,664,633
409,27196225,98,32.15212552,57906,0.674679013,635,717
410,27196225,99,35.65709023,59376,0.925649509,533,467
411,27196225,100,33.16528966,62153,0.879093686,524,510
412,27196225,101,36.3239627,65668,0.872407939,567,475
413,27196225,102,32.59407873,69370,0.785718307,554,506
414,27196225,103,35.38690046,67729,0.877473891,485,439
415,27196225,104,34.60520795,64610,0.776041265,694,690
416,27060804,1,9.97693531,35334,0.939445423,1476,1496
417,27060804,2,9.120677111,54862,0.940829132,1291,1309
418,27060804,3,10.59387315,64426,0.942455354,1384,1418
419,27060804,4,10.0725989,66030,0.950590096,1271,1309
420,27060804,5,11.45614291,68148,0.966265648,1762,1747
421,27060804,6,12.45618457,86425,0.90155634,2430,2387
422,27060804,7,13.07997722,86355,0.921150967,2848,2757
423,27060804,8,11.83540845,74494,0.966522038,1795,1828
424,27060804,9,11.32279936,69794,0.94549983,1515,1415
425,27060804,10,12.205266,70975,0.937670851,1771,1781
426,27060804,11,11.83590436,70902,0.971772405,1459,1457
427,27060804,12,11.42384096,75024,0.961175706,1356,1282
428,27060804,13,10.97430174,81378,0.963005355,1449,1527
429,27060804,14,10.40864539,84477,0.932911575,1522,1437
430,27060804,15,10.34477118,83612,0.969420516,1317,1323
431,27060804,16,10.53077383,85001,0.952576746,1430,1451
432,27060804,17,9.583837868,91972,0.881514334,1486,1580
433,27060804,18,10.45983416,91807,0.854882115,1715,1658
434,27060804,19,10.81043058,94701,0.89532784,1817,1893
435,27060804,20,10.50656558,97920,0.754830915,1843,1920
436,27060804,21,10.86558048,112592,0.921868761,1502,1601
437,27060804,22,10.56874764,113443,0.925317663,1605,1661
438,27060804,23,10.2752053,117937,0.929458916,1376,1419
439,27060804,24,9.444693291,126339,0.910943235,1591,1530
440,27060804,25,10.41487092,130802,0.936642733,1701,1608
441,27060804,26,9.815334627,134624,0.940974229,1529,1493
442,27060804,27,11.32149819,133312,0.946596766,1656,1647
443,27060804,28,10.88276478,126537,0.970847687,1635,1601
444,27060804,29,11.42933668,123840,0.832308272,1724,1669
445,27060804,30,10.27676619,122427,0.870540581,1553,1609
446,27060804,31,10.83069087,116143,0.937313161,1445,1506
447,27060804,32,11.07767324,113397,0.910460609,1460,1475
448,27060804,33,11.95190284,111261,0.979483152,1843,1833
449,27060804,34,11.81554306,108415,0.833856184,1574,1672
450,27060804,35,11.33811165,76190,0.773344446,1491,1531
451,27060804,36,11.32823294,0,0.923503907,1377,1418
452,27060804,37,11.36562338,0,0.95531799,1399,1451
453,27060804,38,12.65331043,105786,0.884125295,1634,1546
454,27060804,39,12.13821183,116419,0.836429512,1777,1687
455,27060804,40,13.59565045,119103,0.856114952,2321,2407
456,27060804,41,13.06594107,113838,0.952869675,1365,1410
457,27060804,42,12.94914627,116488,0.937460997,1408,1322
458,27060804,43,13.61347856,120656,0.872985442,1608,1571
459,27060804,44,13.06525891,119541,0.922095307,1416,1494
460,27060804,45,14.29773798,130374,0.540267337,2432,2375
461,27060804,46,14.99750037,136817,0.82091581,1903,1883
462,27060804,47,14.6044623,149342,0.844201516,2044,2057
463,27060804,48,14.51203946,151624,0.907378535,1921,1965
464,27060804,49,14.06529015,150529,0.641613453,2148,2126
465,27060804,50,14.04744002,145777,0.615424873,2725,2702
466,27060804,51,13.46174612,142618,0.487098406,3658,3753
467,27060804,52,14.80027506,142718,0.541929263,3522,3512
468,27060804,53,15.10349323,169706,0.811749511,3185,3217
469,27060804,54,14.89906973,209668,0.885081629,2640,2582
470,27060804,55,15.96314114,214690,0.881127996,3014,3105
471,27060804,56,17.17508259,241226,0.862672769,3624,3706
472,27060804,57,18.43476565,261298,0.876849186,4593,4549
473,27060804,58,18.90940684,234188,0.875080879,3823,3763
474,27060804,59,18.17509968,208563,0.892770368,3309,3225
475,27060804,60,18.08713355,195408,0.941960125,2336,2420
476,27060804,61,17.18587481,202612,0.942342347,2230,2162
477,27060804,62,18.26832946,193399,0.857225031,3306,3286
478,27060804,63,16.55632896,180660,0.815779907,2224,2245
479,27060804,64,16.47573856,166581,0.759380578,2009,2055
480,27060804,65,16.0926484,161150,0.821131278,1867,1848
481,27060804,66,16.17250223,160820,0.826464244,2033,1948
482,27060804,67,16.56722029,167566,0.924351347,1770,1846
483,27060804,68,15.36862714,168693,0.940770844,1627,1540
484,27060804,69,15.25360666,166463,0.939411862,1408,1394
485,27060804,70,16.93744362,166753,0.799876769,2228,2306
486,27060804,71,14.16155425,165002,0.675661208,1807,1849
487,27060804,72,14.59494995,170426,0.788972775,1511,1522
488,27060804,73,14.535201,184758,0.754737384,1767,1704
489,27060804,74,15.11666429,184067,0.915094928,1574,1547
490,27060804,75,14.65533738,185498,0.813585951,1815,1756
491,27060804,76,13.71107756,175402,0.735026838,1560,1498
492,27060804,77,12.38919163,166880,0.463561049,2223,2283
493,27060804,78,13.07663272,159328,0.535217733,2032,2132
494,27060804,79,14.65771232,154039,0.812670693,1582,1634
495,27060804,80,15.18191981,153382,0.754418396,1819,1803
496,27060804,81,15.85348407,153623,0.933504646,1552,1559
497,27060804,82,14.53532775,153232,0.772294914,1623,1720
498,27060804,83,16.0151685,148900,0.956243035,1643,1653
499,27060804,84,17.70331176,149020,0.967408108,1752,1817
500,27060804,85,15.84031912,147577,0.939109972,1461,1527
501,27060804,86,16.04756917,145325,0.711045845,1811,1896
502,27060804,87,15.79881242,142889,0.813459749,1873,1929
503,27060804,88,16.16604046,141762,0.947358995,1436,1518
504,27060804,89,17.06145895,144367,0.926625373,1789,1805
505,27060804,90,17.16209335,144363,0.810156105,1904,1858
506,27060804,91,15.23751684,143375,0.611121686,2591,2503
507,27060804,92,15.72172916,130852,0.559806559,3394,3392
508,27060804,93,16.06172039,121110,0.713559815,1743,1700
509,27060804,94,16.21307324,115855,0.727290194,1912,1960
510,27060804,95,16.19893828,105365,0.678272912,1797,1770
511,27060804,96,14.31299572,100926,0.707509672,1770,1810
512,27060804,97,14.22628456,106269,0.681314695,1861,1761
513,27060804,98,13.40681777,113950,0.601961567,1977,1910
514,27060804,99,14.63157523,119247,0.877347626,1410,1486
515,27060804,100,14.20908801,121630,0.872447261,1469,1397
516,27060804,101,15.32716208,125500,0.86670768,1699,1708
517,27060804,102,14.30720582,136640,0.775196406,1937,1999
518,27060804,103,13.20571968,139773,0.859112393,1768,1838
519,27060804,104,14.97484945,140363,0.7144869,2450,2458
520,27102436,1,9.609931866,6446,0.920192211,78,29
521,27102436,2,11.5358925,9317,0.930243138,84,109
522,27102436,3,13.38105737,11440,0.942766421,118,27
523,27102436,4,16.87813155,12750,0.977373365,153,246
524,27102436,5,18.65280945,13511,0.984170135,148,100
525,27102436,6,20.31117541,16232,0.914412654,202,169
526,27102436,7,22.62314875,16160,0.928758237,313,272
527,27102436,8,19.98312054,14961,0.965016299,246,180
528,27102436,9,19.47617493,13951,0.927436901,201,200
529,27102436,10,20.9136558,13274,0.941336524,187,180
530,27102436,11,18.46988146,14444,0.961122943,209,210
531,27102436,12,19.25768089,16091,0.968824952,211,151
532,27102436,13,19.68519693,16352,0.959150023,238,239
533,27102436,14,22.82116082,15858,0.922770569,222,243
534,27102436,15,18.01915347,15437,0.965881299,190,196
535,27102436,16,17.79652326,16681,0.930651932,286,195
536,27102436,17,20.98532168,16936,0.875076357,281,328
537,27102436,18,22.45536926,16648,0.84123313,285,228
538,27102436,19,22.78556397,17912,0.89753615,285,261
539,27102436,20,21.11704929,18507,0.908628871,296,253
540,27102436,21,18.84921447,21261,0.910465589,290,381
541,27102436,22,22.03845983,21171,0.902134289,286,188
542,27102436,23,26.0279906,21429,0.917209775,251,212
543,27102436,24,22.20312883,21751,0.894878957,285,330
544,27102436,25,25.99594647,21363,0.919136199,289,287
545,27102436,26,23.18451934,21285,0.920261767,258,186
546,27102436,27,26.55402843,20498,0.926964272,246,175
547,27102436,28,24.11116682,19743,0.953828581,293,248
548,27102436,29,20.19573194,20710,0.917201193,259,167
549,27102436,30,23.76176073,21180,0.925329404,262,287
550,27102436,31,23.34539081,20537,0.936997889,247,314
551,27102436,32,25.07322115,19369,0.935831493,250,275
552,27102436,33,24.03351871,18984,0.968651324,318,321
553,27102436,34,22.47985057,19111,0.895140556,185,201
554,27102436,35,25.04119808,14233,0.879511927,212,170
555,27102436,36,16.23702186,0,0.911371097,162,62
556,27102436,37,16.65122303,0,0.924099289,156,153
557,27102436,38,16.53218345,20687,0.831709277,208,237
558,27102436,39,17.99637248,21620,0.884588678,230,156
559,27102436,40,21.64215666,21294,0.868800835,304,284
560,27102436,41,12.53170249,22371,0.919598798,135,199
561,27102436,42,14.53566677,22554,0.927064186,134,80
562,27102436,43,14.50981694,22104,0.849980987,154,190
563,27102436,44,16.05567974,22093,0.915001104,159,242
564,27102436,45,15.31709344,24668,0.809377819,170,199
565,27102436,46,14.04505508,25546,0.869866105,147,113
566,27102436,47,14.04153184,25209,0.890192808,124,191
567,27102436,48,14.25555106,25312,0.915256458,154,199
568,27102436,49,15.45317662,25495,0.788465329,118,164
569,27102436,50,15.60647332,25260,0.483497347,203,140
570,27102436,51,15.41501965,23895,0.440607276,339,339
571,27102436,52,17.50240643,22547,0.476011567,360,419
572,27102436,53,14.904817,21773,0.671302571,197,272
573,27102436,54,15.71918047,22766,0.842169891,135,57
574,27102436,55,15.59837424,25902,0.857586965,174,151
575,27102436,56,20.40465137,30885,0.844220549,227,206
576,27102436,57,25.10606844,34022,0.868268598,288,341
577,27102436,58,26.17465012,31960,0.871392246,358,351
578,27102436,59,27.5440465,29882,0.881409488,334,298
579,27102436,60,21.34189832,28679,0.922610612,182,234
580,27102436,61,23.02899696,29712,0.913917513,216,191
581,27102436,62,27.35205763,28429,0.83529764,338,397
582,27102436,63,23.13792855,26803,0.846899319,218,265
583,27102436,64,28.37818911,25586,0.743288373,254,179
584,27102436,65,24.53234116,27101,0.871019314,243,293
585,27102436,66,25.10116032,28978,0.786730631,305,336
586,27102436,67,23.92222993,27964,0.936048864,214,306
587,27102436,68,23.27767108,28239,0.934456783,188,200
588,27102436,69,23.39959841,29051,0.939173583,161,105
589,27102436,70,27.79140135,28782,0.789994246,304,336
590,27102436,71,21.5958858,28710,0.657333495,226,201
591,27102436,72,28.00172058,29668,0.675047164,270,180
592,27102436,73,28.69041321,29871,0.726339575,316,246
593,27102436,74,29.1729282,28676,0.915432324,228,137
594,27102436,75,28.0675184,27581,0.858879027,234,190
595,27102436,76,25.0282075,26641,0.837830411,216,186
596,27102436,77,24.15847824,27209,0.491846479,360,446
597,27102436,78,21.10817332,26540,0.543338119,299,250
598,27102436,79,25.72499582,25814,0.641008358,261,357
599,27102436,80,22.01209531,26589,0.679662716,246,324
600,27102436,81,24.92826368,28819,0.950331217,253,284
601,27102436,82,24.31768337,28173,0.636462824,291,242
602,27102436,83,26.62811433,27094,0.941016876,256,308
603,27102436,84,28.61366017,26397,0.96348411,266,280
604,27102436,85,22.83435316,25703,0.933272194,198,179
605,27102436,86,20.78799536,24742,0.708871645,250,225
606,27102436,87,22.32009682,23360,0.783420617,217,244
607,27102436,88,20.16029874,21924,0.963911442,136,109
608,27102436,89,24.10988958,21564,0.906097605,193,165
609,27102436,90,18.93852201,21411,0.975216582,126,39
610,27102436,91,21.83372258,22269,0.861803982,145,186
611,27102436,92,24.29477227,21448,0.760894035,244,196
612,27102436,93,18.62011456,20892,0.910183142,88,143
613,27102436,94,22.61070884,20635,0.952786777,135,171
614,27102436,95,15.20301161,20131,0.856963164,116,207
615,27102436,96,17.63005007,19731,0.806727955,100,120
616,27102436,97,17.90116715,21469,0.785236382,114,145
617,27102436,98,16.1863065,24227,0.825275848,99,104
618,27102436,99,16.40646058,24947,0.856481074,87,96
619,27102436,100,15.05681342,25282,0.915938148,73,7
620,27102436,101,15.52976939,25410,0.918357353,68,14
621,27102436,102,13.2784193,24946,0.721801254,93,20
622,27102436,103,15.21230703,24182,0.920379307,70,50
623,27102436,104,19.2541049,24293,0.77484249,128,206
624,27071209,1,15.93066939,37737,0.949061155,257,193
625,27071209,2,15.49912287,52220,0.929016737,231,262
626,27071209,3,17.20045115,53740,0.957851948,293,238
627,27071209,4,13.39294293,54030,0.956014207,232,212
628,27071209,5,21.84117645,53733,0.988417091,393,432
629,27071209,6,19.48534921,53304,0.923583026,508,491
630,27071209,7,21.92340688,52296,0.918961975,580,585
631,27071209,8,21.33895496,49620,0.969798903,568,623
632,27071209,9,22.08355816,46796,0.940964081,562,652
633,27071209,10,20.95503667,44321,0.932417911,680,757
634,27071209,11,22.31300978,41912,0.973227022,585,620
635,27071209,12,25.62695848,39889,0.971509893,667,715
636,27071209,13,24.78076149,37231,0.968123675,845,769
637,27071209,14,23.57527204,35421,0.927260378,888,849
638,27071209,15,26.01911103,34613,0.959753859,776,848
639,27071209,16,24.91501801,35787,0.949064809,821,840
640,27071209,17,23.15023825,41087,0.867095384,957,863
641,27071209,18,24.64236712,40636,0.831003523,1193,1128
642,27071209,19,25.16042135,41519,0.900238856,1125,1125
643,27071209,20,24.20848443,46268,0.790762274,1186,1280
644,27071209,21,22.74765203,57118,0.91895151,1018,958
645,27071209,22,26.29073265,56262,0.918635248,1135,1131
646,27071209,23,23.82171354,53161,0.926635397,936,887
647,27071209,24,23.35800435,60498,0.911841843,1172,1125
648,27071209,25,22.92871004,58786,0.926347321,1084,1179
649,27071209,26,25.61729071,58932,0.928889758,1024,1005
650,27071209,27,24.37402368,56484,0.941896127,971,998
651,27071209,28,24.66386905,54111,0.961185493,1016,951
652,27071209,29,24.95138587,52763,0.830025818,1075,1036
653,27071209,30,22.6924236,54582,0.893991156,947,909
654,27071209,31,22.1788162,55402,0.929922607,909,887
655,27071209,32,23.08645227,54689,0.875923232,853,888
656,27071209,33,24.8147935,56955,0.979536936,1264,1277
657,27071209,34,24.44265402,57657,0.824450325,920,870
658,27071209,35,20.55492701,41386,0.816436509,768,750
659,27071209,36,22.28458057,0,0.910011507,621,678
660,27071209,37,21.70874999,0,0.933919618,625,708
661,27071209,38,21.3776056,58221,0.871192447,655,663
662,27071209,39,20.05279108,64369,0.875474583,609,661
663,27071209,40,20.27386861,67809,0.873827714,917,859
664,27071209,41,17.64009165,67297,0.939931549,499,557
665,27071209,42,18.70636922,65105,0.928343753,431,445
666,27071209,43,16.46746009,64769,0.88164366,412,426
667,27071209,44,17.5397694,63656,0.923653911,360,262
668,27071209,45,15.88866913,68149,0.68791975,390,477
669,27071209,46,16.71342932,72794,0.864572124,350,409
670,27071209,47,16.83959049,72238,0.887392696,285,273
671,27071209,48,16.54501637,71846,0.923255744,312,345
672,27071209,49,15.70997089,72963,0.778043425,257,240
673,27071209,50,15.69206674,72376,0.526624062,416,353
674,27071209,51,16.64779785,70002,0.417012261,754,678
675,27071209,52,16.83482554,67727,0.46883085,637,729
676,27071209,53,17.62307448,67904,0.781659017,348,384
677,27071209,54,16.35779833,68440,0.8848511,295,395
678,27071209,55,14.62568597,73582,0.869625145,329,339
679,27071209,56,19.90055837,80853,0.873980146,420,437
680,27071209,57,19.13717184,85512,0.873624546,445,467
681,27071209,58,18.93987371,82595,0.873562677,504,484
682,27071209,59,18.96613848,79365,0.871971445,491,491
683,27071209,60,19.7524666,77251,0.931915407,381,415
684,27071209,61,19.21511968,79709,0.928993783,366,454
685,27071209,62,22.3694647,81295,0.804767956,681,725
686,27071209,63,25.37606772,79689,0.859913681,666,692
687,27071209,64,25.22801816,77179,0.717408096,684,617
688,27071209,65,27.16979735,74575,0.816569863,581,533
689,27071209,66,27.05139588,70585,0.777152214,681,708
690,27071209,67,25.49491027,68374,0.895461435,573,543
691,27071209,68,26.49921411,68232,0.926554414,583,502
692,27071209,69,25.95266522,67611,0.926779988,564,529
693,27071209,70,24.72322457,64579,0.679896079,939,1022
694,27071209,71,21.79538041,58189,0.506423047,1090,1113
695,27071209,72,21.4760381,54135,0.551647183,729,757
696,27071209,73,21.9014854,49632,0.571429665,686,737
697,27071209,74,19.98812956,47868,0.734225189,564,557
698,27071209,75,21.93222594,44877,0.782295957,522,586
699,27071209,76,20.39337778,42497,0.619928444,436,427
700,27071209,77,16.34086491,41556,0.429569794,612,624
701,27071209,78,21.51887869,40337,0.614672126,566,576
702,27071209,79,22.70289919,40562,0.738117481,557,639
703,27071209,80,20.7809804,43189,0.599524169,533,502
704,27071209,81,20.93682433,43807,0.932601584,447,404
705,27071209,82,22.5863245,44281,0.714792571,507,432
706,27071209,83,21.67280419,42785,0.955651208,483,560
707,27071209,84,23.59434599,45622,0.965299686,555,511
708,27071209,85,18.96689789,44961,0.928034045,400,364
709,27071209,86,17.75826566,44053,0.655566813,486,559
710,27071209,87,17.41398203,42597,0.807808925,375,291
711,27071209,88,16.23898846,42262,0.922318306,293,313
712,27071209,89,17.58504852,41014,0.914916642,363,330
713,27071209,90,18.54298106,40142,0.959753934,271,186
714,27071209,91,13.50021854,40134,0.689961086,271,183
715,27071209,92,16.12885722,38225,0.503355392,530,512
716,27071209,93,12.47956898,37163,0.843979098,154,241
717,27071209,94,12.4582391,37024,0.897665683,176,262
718,27071209,95,12.42803095,36118,0.767476037,164,115
719,27071209,96,10.45648661,35152,0.825445874,136,204
720,27071209,97,12.60928945,37397,0.648978448,185,91
721,27071209,98,12.33618163,39122,0.674779583,171,204
722,27071209,99,10.57406601,38645,0.790816142,106,79
723,27071209,100,8.039779326,38420,0.833754893,71,19
724,27071209,101,10.62057154,38829,0.774736529,99,39
725,27071209,102,9.14858268,38213,0.55687025,165,240
726,27071209,103,12.13387413,37114,0.787878252,113,192
727,27071209,104,11.49881436,34040,0.577708485,192,249
728,27164944,1,14.50154493,26877,0.927699865,857,805
729,27164944,2,14.15199016,39502,0.939572175,815,778
730,27164944,3,14.83304065,41922,0.9587995,843,920
731,27164944,4,15.99937854,41605,0.965608407,769,825
732,27164944,5,18.32483186,41113,0.990729396,1037,1045
733,27164944,6,17.44262897,49191,0.919724731,1409,1447
734,27164944,7,19.62012906,46566,0.936179318,1711,1747
735,27164944,8,19.11927977,38718,0.975550391,1216,1141
736,27164944,9,16.54648108,34317,0.941896092,946,964
737,27164944,10,18.82513317,31805,0.939835536,1069,995
738,27164944,11,16.69293256,30487,0.973986223,845,911
739,27164944,12,15.53264555,30971,0.97439193,771,802
740,27164944,13,16.13830753,30665,0.962284176,755,751
741,27164944,14,17.10930862,33908,0.933320547,966,957
742,27164944,15,15.8270015,39389,0.966574112,842,775
743,27164944,16,15.83777627,40087,0.955952179,889,927
744,27164944,17,13.13567938,45564,0.905426331,794,891
745,27164944,18,14.11469851,44402,0.850224527,965,945
746,27164944,19,15.32931433,47553,0.891277512,1194,1256
747,27164944,20,13.99575972,51801,0.89969502,1164,1181
748,27164944,21,15.31703454,61900,0.919392795,1037,1004
749,27164944,22,15.39863482,64327,0.919008066,994,1005
750,27164944,23,15.17607893,68347,0.931696975,1043,1134
751,27164944,24,17.07129137,75324,0.913169104,1294,1283
752,27164944,25,17.2466375,75990,0.936093256,1201,1162
753,27164944,26,17.22564082,79110,0.939150079,1118,1154
754,27164944,27,20.29933441,77583,0.946729654,1169,1109
755,27164944,28,20.03057818,76249,0.96857585,1256,1255
756,27164944,29,21.92525764,73843,0.913923478,1210,1141
757,27164944,30,21.73566187,75521,0.936247355,1232,1239
758,27164944,31,22.18437748,72328,0.946804924,1209,1144
759,27164944,32,24.02634119,74308,0.93448855,1272,1302
760,27164944,33,26.74979757,78079,0.975401551,1623,1526
761,27164944,34,23.92321231,79241,0.949779614,1280,1345
762,27164944,35,23.57136928,56407,0.947631138,1298,1264
763,27164944,36,25.04708592,0,0.936904571,1198,1296
764,27164944,37,23.50206328,0,0.946058979,1249,1218
765,27164944,38,24.63403057,81574,0.895017397,1434,1339
766,27164944,39,24.69361305,100240,0.890280361,1557,1473
767,27164944,40,26.91039998,106990,0.882045821,2180,2094
768,27164944,41,27.50950099,108873,0.955121915,1334,1400
769,27164944,42,28.00020249,113256,0.934753521,1467,1389
770,27164944,43,25.99389163,112240,0.91137867,1368,1329
771,27164944,44,27.35669048,110014,0.917077002,1294,1378
772,27164944,45,28.36582396,110135,0.842818412,1341,1393
773,27164944,46,26.3860711,108146,0.88245151,1332,1393
774,27164944,47,29.53436787,109108,0.893325326,1289,1208
775,27164944,48,27.90470044,111625,0.924564557,1278,1323
776,27164944,49,26.14288243,111139,0.879457617,1202,1117
777,27164944,50,26.35139628,110825,0.700945257,1554,1569
778,27164944,51,27.29712298,108471,0.616009388,1907,1987
779,27164944,52,27.70714552,106068,0.614589983,2027,2018
780,27164944,53,33.20821489,113318,0.842735973,1861,1761
781,27164944,54,29.74755852,118698,0.907335596,1444,1448
782,27164944,55,28.95924403,133276,0.885196284,1955,1886
783,27164944,56,32.93663032,141408,0.874236638,2360,2418
784,27164944,57,35.64543391,133849,0.880521364,2911,2908
785,27164944,58,35.57489811,117426,0.883214289,2358,2308
786,27164944,59,34.74416321,101871,0.892637197,2090,2147
787,27164944,60,32.24847819,93348,0.943533118,1451,1433
788,27164944,61,33.96842152,99272,0.94675741,1471,1523
789,27164944,62,36.30657741,96790,0.853294171,2244,2254
790,27164944,63,30.82078142,99704,0.813432472,1663,1737
791,27164944,64,29.74696526,96957,0.77692719,1592,1655
792,27164944,65,29.06996963,94932,0.876783517,1424,1453
793,27164944,66,28.93339169,92984,0.836912802,1692,1738
794,27164944,67,27.5846346,94462,0.916613137,1266,1274
795,27164944,68,27.42186346,109043,0.939096268,1462,1513
796,27164944,69,25.69206305,113014,0.931071354,1303,1323
797,27164944,70,29.99221477,117340,0.829447367,2164,2182
798,27164944,71,28.08767373,113060,0.771791856,1546,1615
799,27164944,72,29.28849823,128272,0.847596351,1502,1596
800,27164944,73,30.31601407,130249,0.849613503,1733,1824
801,27164944,74,30.83874228,134051,0.902819311,1585,1585
802,27164944,75,32.51121033,133067,0.915878095,1608,1686
803,27164944,76,31.45258313,125664,0.903241218,1430,1483
804,27164944,77,31.70893475,120445,0.73565223,1506,1583
805,27164944,78,30.40754517,117451,0.677519219,1741,1654
806,27164944,79,31.85222793,114924,0.870212341,1501,1574
807,27164944,80,33.54712476,114810,0.792445476,1685,1695
808,27164944,81,36.13179142,118175,0.931020488,1601,1617
809,27164944,82,32.57482253,117999,0.845147743,1677,1659
810,27164944,83,36.20580933,113088,0.961567878,1715,1671
811,27164944,84,37.12134292,110284,0.960468758,1803,1767
812,27164944,85,33.7118519,110329,0.928862802,1453,1433
813,27164944,86,35.00861525,106675,0.841802117,1669,1635
814,27164944,87,33.35941918,105812,0.821154934,1760,1806
815,27164944,88,33.20637364,106577,0.953974013,1308,1354
816,27164944,89,32.77657091,113914,0.927039299,1742,1662
817,27164944,90,34.6659861,118729,0.814221812,1637,1674
818,27164944,91,30.098168,122969,0.642140282,1803,1709
819,27164944,92,32.09760909,111916,0.652364587,2756,2657
820,27164944,93,30.11663409,106333,0.756442613,1408,1403
821,27164944,94,33.68534799,105563,0.753486381,1586,1631
822,27164944,95,30.27973257,97231,0.723127105,1457,1374
823,27164944,96,30.07843662,93219,0.767038795,1411,1315
824,27164944,97,28.7943483,104348,0.748270875,1592,1653
825,27164944,98,29.21474393,115465,0.69746964,1588,1517
826,27164944,99,28.0735978,123530,0.90369959,1276,1255
827,27164944,100,30.0483259,121166,0.92189503,1294,1331
828,27164944,101,28.23749272,120726,0.889162822,1352,1302
829,27164944,102,29.14896855,125851,0.793698984,1406,1457
830,27164944,103,27.50788489,119597,0.875264251,1208,1225
831,27164944,104,31.00406366,118087,0.805518298,1555,1511
832,27112849,1,10.99402026,42370,0.940769006,1479,1576
833,27112849,2,12.6154755,72565,0.941466232,1395,1365
834,27112849,3,12.54732312,89489,0.95327725,1525,1527
835,27112849,4,13.33922122,89152,0.965900502,1321,1412
836,27112849,5,14.5384522,90296,0.968935099,1719,1764
837,27112849,6,14.82545326,116611,0.920833864,2217,2143
838,27112849,7,16.19376874,115067,0.927456166,2982,3056
839,27112849,8,15.32292665,101659,0.966308039,2247,2255
840,27112849,9,13.333301,91809,0.941444001,1435,1407
841,27112849,10,13.59330641,85852,0.93566167,1587,1579
842,27112849,11,13.46201309,83918,0.969660602,1251,1237
843,27112849,12,14.02540848,92466,0.966822868,1392,1311
844,27112849,13,12.72924603,97720,0.96054329,1245,1342
845,27112849,14,12.96227376,97368,0.936334496,1372,1397
846,27112849,15,12.13047211,98711,0.964621839,1199,1215
847,27112849,16,12.86820043,102419,0.948205985,1209,1174
848,27112849,17,11.45450627,110511,0.894621525,1284,1184
849,27112849,18,12.86767969,112254,0.895285172,1641,1667
850,27112849,19,12.84483142,112062,0.909201991,1516,1610
851,27112849,20,11.71188862,117034,0.838131232,1685,1707
852,27112849,21,11.71399765,126724,0.931221697,1522,1460
853,27112849,22,12.02445862,124271,0.760927298,1590,1500
854,27112849,23,10.30414369,120327,0.748770435,1482,1577
855,27112849,24,11.67399472,120892,0.769016572,1726,1820
856,27112849,25,11.74793053,118825,0.793219303,1624,1635
857,27112849,26,11.8016109,121778,0.851042824,1530,1545
858,27112849,27,12.48573712,123916,0.882215281,1661,1742
859,27112849,28,11.4159017,122328,0.891553417,1641,1603
860,27112849,29,11.23730431,120634,0.843359592,1627,1682
861,27112849,30,10.92917792,119816,0.885224326,1514,1517
862,27112849,31,11.1719259,119543,0.91378841,1566,1602
863,27112849,32,10.54866341,124393,0.864640226,1550,1647
864,27112849,33,12.38851292,124067,0.951224607,2000,1915
865,27112849,34,10.78328822,122516,0.8904839,1546,1463
866,27112849,35,10.57858464,87583,0.848249835,1430,1441
867,27112849,36,10.2500121,0,0.868840156,1203,1147
868,27112849,37,10.75101893,0,0.896896892,1314,1289
869,27112849,38,10.51492227,139793,0.855310044,1709,1630
870,27112849,39,10.3491595,154186,0.874591863,1752,1715
871,27112849,40,13.68872924,156965,0.850833478,2421,2435
872,27112849,41,12.00508322,153380,0.945549665,1380,1426
873,27112849,42,12.18711853,149661,0.939329866,1551,1485
874,27112849,43,12.32939606,142749,0.943267016,1455,1441
875,27112849,44,11.87830125,141100,0.939846797,1355,1397
876,27112849,45,13.60168229,155511,0.601041809,1940,1898
877,27112849,46,14.27831127,164500,0.877185936,1655,1644
878,27112849,47,13.32260333,165248,0.895261496,1727,1701
879,27112849,48,13.76486361,167122,0.902316724,1694,1748
880,27112849,49,13.10154865,181824,0.791782955,1685,1761
881,27112849,50,10.64197853,174659,0.334978026,5312,5312
882,27112849,51,14.24878082,171707,0.536201865,2669,2727
883,27112849,52,12.99143222,175764,0.598854103,2472,2406
884,27112849,53,16.03777519,190364,0.85992169,2762,2685
885,27112849,54,14.80429651,204077,0.910393891,2117,2114
886,27112849,55,15.63170619,211172,0.880297061,2512,2464
887,27112849,56,18.21200527,225411,0.882062168,2989,3004
888,27112849,57,19.63778865,246831,0.880055922,3916,3971
889,27112849,58,20.03096177,222766,0.884995001,3660,3736
890,27112849,59,18.6231853,200367,0.905013363,3052,2962
891,27112849,60,16.89221738,187639,0.947302628,2209,2233
892,27112849,61,16.89959218,206062,0.946584696,2053,2068
893,27112849,62,17.18145349,207378,0.851039114,2735,2808
894,27112849,63,15.28875926,205563,0.912629018,1889,1941
895,27112849,64,16.64498381,198884,0.804120876,1781,1873
896,27112849,65,17.22727808,196963,0.893467802,1689,1602
897,27112849,66,15.21354095,190744,0.857115603,1655,1640
898,27112849,67,15.06710932,189173,0.923615419,1362,1289
899,27112849,68,15.20172485,185422,0.936104714,1392,1324
900,27112849,69,12.9447395,186389,0.940186321,1172,1148
901,27112849,70,15.41685,187416,0.838609225,1810,1729
902,27112849,71,13.13139447,181348,0.652249859,1341,1280
903,27112849,72,13.96998692,176073,0.728878533,1382,1383
904,27112849,73,15.37686057,185701,0.830723588,1435,1379
905,27112849,74,15.95954045,184305,0.911418674,1402,1488
906,27112849,75,13.96830949,179011,0.869857369,1245,1313
907,27112849,76,14.27066428,172039,0.793277669,1268,1230
908,27112849,77,14.75546367,166791,0.613631465,1577,1621
909,27112849,78,15.58513076,160223,0.6063269,1631,1571
910,27112849,79,15.89402708,157254,0.800613313,1316,1292
911,27112849,80,16.77960064,154437,0.74730237,1481,1428
912,27112849,81,17.01257068,153196,0.949754052,1307,1393
913,27112849,82,16.15314061,149022,0.767877737,1421,1383
914,27112849,83,16.77562,144357,0.942978066,1278,1291
915,27112849,84,18.50827107,141571,0.973511047,1444,1509
916,27112849,85,16.89377558,140580,0.925076643,1122,1208
917,27112849,86,16.82550032,137103,0.800187438,1426,1367
918,27112849,87,15.47824214,129148,0.838511171,1352,1418
919,27112849,88,14.78956765,124925,0.963573855,967,892
920,27112849,89,16.47941105,125204,0.925694007,1256,1165
921,27112849,90,16.58037087,125096,0.968472372,1100,1067
922,27112849,91,14.53167739,127998,0.836201656,1079,1069
923,27112849,92,18.57274979,122641,0.730782211,1863,1922
924,27112849,93,15.13595177,120011,0.955021194,934,929
925,27112849,94,15.43880762,121349,0.844630282,1111,1020
926,27112849,95,15.89712725,117655,0.862341689,1086,1058
927,27112849,96,15.1739953,113392,0.815671327,1288,1226
928,27112849,97,14.74472676,124643,0.767653802,1190,1125
929,27112849,98,12.91533088,135560,0.541045975,2194,2154
930,27112849,99,14.03418477,141546,0.883932926,1207,1228
931,27112849,100,14.95382,143230,0.913473677,1191,1264
932,27112849,101,14.86182393,151929,0.881774702,1252,1181
933,27112849,102,14.63806895,163201,0.784199322,1398,1362
934,27112849,103,14.78773828,159816,0.870108533,1308,1352
935,27112849,104,16.33060763,154270,0.801310604,1674,1763
936,27092025,1,10.79258687,4693,0.913006923,101,148
937,27092025,2,12.16819568,8953,0.93147374,128,187
938,27092025,3,13.97791711,14036,0.943568734,176,77
939,27092025,4,14.21758246,17146,0.947044863,157,218
940,27092025,5,20.81938725,17403,0.981478346,241,221
941,27092025,6,19.45013113,19711,0.901220386,331,358
942,27092025,7,21.02833878,19884,0.929501668,394,402
943,27092025,8,22.38913911,18660,0.966864528,283,363
944,27092025,9,21.36594168,17692,0.937855864,238,257
945,27092025,10,20.89857022,17053,0.920694905,301,283
946,27092025,11,20.72044519,18700,0.976813968,259,194
947,27092025,12,19.75719389,21537,0.966112445,332,292
948,27092025,13,21.88196761,22380,0.960824994,367,419
949,27092025,14,19.87806737,24019,0.922553938,393,330
950,27092025,15,20.49889523,23574,0.959091638,287,358
951,27092025,16,20.4750533,22274,0.927947246,312,410
952,27092025,17,20.23543185,25200,0.819892765,371,312
953,27092025,18,21.36814179,25685,0.836300145,508,539
954,27092025,19,23.48450487,27412,0.876919528,490,515
955,27092025,20,21.18618279,26876,0.897467108,505,431
956,27092025,21,23.15414364,28517,0.891371757,463,515
957,27092025,22,19.8776362,27085,0.898311906,494,481
958,27092025,23,20.34937765,26116,0.903104426,400,416
959,27092025,24,21.76644054,26625,0.891372619,444,451
960,27092025,25,22.73260569,26006,0.920509627,437,384
961,27092025,26,22.36046985,26936,0.918822118,437,502
962,27092025,27,23.52093467,27011,0.920102678,449,457
963,27092025,28,24.03214535,26011,0.948781749,460,507
964,27092025,29,22.71483262,27362,0.906222903,458,544
965,27092025,30,21.99160006,29991,0.887071136,435,351
966,27092025,31,20.14079114,31026,0.918662218,378,368
967,27092025,32,21.75178165,32534,0.940668739,397,351
968,27092025,33,25.93612004,32865,0.976256871,618,551
969,27092025,34,24.84961929,30977,0.912299966,461,401
970,27092025,35,19.21713075,21678,0.891983561,346,439
971,27092025,36,23.11933612,0,0.903948082,358,375
972,27092025,37,21.45377598,0,0.927983173,374,300
973,27092025,38,21.48900331,31726,0.830565541,447,469
974,27092025,39,21.16199577,32039,0.862179477,373,408
975,27092025,40,24.03981001,31648,0.870195599,524,430
976,27092025,41,22.05557148,31843,0.922792299,283,278
977,27092025,42,20.68415516,31218,0.914084705,246,216
978,27092025,43,21.03973122,30560,0.849192684,305,331
979,27092025,44,18.1506581,31297,0.908332493,237,272
980,27092025,45,19.06366029,34250,0.855787663,269,176
981,27092025,46,20.89823251,36257,0.808281833,297,324
982,27092025,47,18.3021472,36468,0.851402098,267,357
983,27092025,48,21.31276913,36345,0.914126969,263,304
984,27092025,49,17.87534654,37161,0.890854573,242,270
985,27092025,50,21.57088856,40103,0.582608878,436,402
986,27092025,51,21.10882278,38974,0.480883971,671,629
987,27092025,52,23.94125481,35971,0.540486198,698,624
988,27092025,53,20.60406644,39772,0.788391571,504,407
989,27092025,54,19.94418614,41994,0.898256503,410,383
990,27092025,55,22.14594535,45090,0.877451706,498,422
991,27092025,56,26.70488186,50672,0.870744713,743,651
992,27092025,57,28.37103659,56212,0.869054249,920,930
993,27092025,58,30.15810487,50391,0.879288883,927,827
994,27092025,59,32.59516297,44819,0.877086952,833,926
995,27092025,60,27.97105266,42518,0.912179342,450,423
996,27092025,61,24.35361687,46884,0.907752702,512,533
997,27092025,62,31.99425283,45723,0.804001702,885,845
998,27092025,63,30.74373782,41716,0.833245409,575,541
999,27092025,64,31.58151397,39046,0.799644014,536,523
1000,27092025,65,30.87341173,39637,0.851266887,514,516
1001,27092025,66,32.42910073,39604,0.777438073,656,735
1002,27092025,67,30.0795924,39861,0.91357772,475,434
1003,27092025,68,31.30904851,41372,0.930309969,498,439
1004,27092025,69,24.80774979,49007,0.928859715,504,600
1005,27092025,70,31.35848833,50508,0.815123886,918,823
1006,27092025,71,28.13868949,48698,0.725406402,679,739
1007,27092025,72,31.73384704,51141,0.742417039,692,769
1008,27092025,73,33.28053932,54507,0.799585621,787,763
1009,27092025,74,30.61472364,55545,0.839708479,668,599
1010,27092025,75,29.7645245,54441,0.858745733,653,640
1011,27092025,76,27.77476336,51464,0.891879011,463,512
1012,27092025,77,24.17646387,50754,0.472431417,654,596
1013,27092025,78,30.02320211,48306,0.660975922,600,596
1014,27092025,79,26.13928714,45578,0.673469451,546,615
1015,27092025,80,31.70051543,49201,0.695476739,653,637
1016,27092025,81,29.46843249,53283,0.937556914,600,690
1017,27092025,82,26.21410315,50464,0.675747368,709,611
1018,27092025,83,32.99572241,47334,0.950383891,583,668
1019,27092025,84,31.87943483,45520,0.970243669,678,644
1020,27092025,85,30.33275243,42587,0.935995527,436,436
1021,27092025,86,26.63395616,39642,0.741002097,532,584
1022,27092025,87,29.96891158,37608,0.82193828,462,474
1023,27092025,88,25.14694989,36717,0.912015623,364,396
1024,27092025,89,29.10170988,37240,0.914257257,418,498
1025,27092025,90,22.94196771,37081,0.954454992,318,233
1026,27092025,91,18.83412242,36612,0.883071589,255,258
1027,27092025,92,31.63434224,34645,0.775498765,554,630
1028,27092025,93,22.18158972,33064,0.944160162,224,314
1029,27092025,94,24.27923443,32737,0.922360368,274,283
1030,27092025,95,22.08449606,32340,0.85159496,205,259
1031,27092025,96,20.47352418,31414,0.797128204,237,198
1032,27092025,97,20.3219883,32339,0.741286472,265,227
1033,27092025,98,16.61824886,34958,0.687127262,239,290
1034,27092025,99,19.26844182,35036,0.886602531,184,279
1035,27092025,100,21.29673378,34911,0.876289077,181,100
1036,27092025,101,21.34940197,34949,0.845554559,209,216
1037,27092025,102,24.92477643,36519,0.776470353,287,343
1038,27092025,103,21.30522148,37781,0.854013112,195,152
1039,27092025,104,28.57503803,43352,0.725831158,441,537
